{
  "Ansi 7 Color (Light)" : {
    "Red Component" : 0.93725490570068359,
    "Color Space" : "sRGB",
    "Blue Component" : 0.94509804248809814,
    "Alpha Component" : 1,
    "Green Component" : 0.94117647409439087
  },
  "Ansi 15 Color (Light)" : {
    "Red Component" : 0.98823529481887817,
    "Color Space" : "sRGB",
    "Blue Component" : 0.98823529481887817,
    "Alpha Component" : 1,
    "Green Component" : 0.98823529481887817
  },
  "Ansi 2 Color (Light)" : {
    "Red Component" : 0.066666670143604279,
    "Color Space" : "sRGB",
    "Blue Component" : 0.086274512112140656,
    "Alpha Component" : 1,
    "Green Component" : 0.81960785388946533
  },
  "Bold Color" : {
    "Red Component" : 0.062745101749897003,
    "Color Space" : "sRGB",
    "Blue Component" : 0.062745101749897003,
    "Alpha Component" : 1,
    "Green Component" : 0.062745101749897003
  },
  "Ansi 1 Color (Dark)" : {
    "Red Component" : 0.92941176891326904,
    "Color Space" : "sRGB",
    "Blue Component" : 0.08235294371843338,
    "Alpha Component" : 1,
    "Green Component" : 0.08235294371843338
  },
  "Use Bright Bold" : true,
  "Ansi 9 Color (Light)" : {
    "Red Component" : 0.75294119119644165,
    "Color Space" : "sRGB",
    "Blue Component" : 0.16862745583057404,
    "Alpha Component" : 1,
    "Green Component" : 0.22352941334247589
  },
  "Ansi 8 Color (Dark)" : {
    "Red Component" : 0.49803921580314636,
    "Color Space" : "sRGB",
    "Blue Component" : 0.55294120311737061,
    "Alpha Component" : 1,
    "Green Component" : 0.54901963472366333
  },
  "Background Color" : {
    "Red Component" : 0.97999999999999998,
    "Color Space" : "sRGB",
    "Blue Component" : 0.97999999999999998,
    "Alpha Component" : 1,
    "Green Component" : 0.97999999999999998
  },
  "Columns" : 80,
  "Ansi 8 Color" : {
    "Red Component" : 0.40781760215759277,
    "Color Space" : "sRGB",
    "Blue Component" : 0.4078223705291748,
    "Alpha Component" : 1,
    "Green Component" : 0.40782788395881653
  },
  "Right Option Key Sends" : 0,
  "Ansi 4 Color (Light)" : {
    "Red Component" : 0.11372549086809158,
    "Color Space" : "sRGB",
    "Blue Component" : 0.9529411792755127,
    "Alpha Component" : 1,
    "Green Component" : 0.60000002384185791
  },
  "Blinking Cursor" : false,
  "Selected Text Color (Light)" : {
    "Red Component" : 0.19215686619281769,
    "Color Space" : "sRGB",
    "Blue Component" : 0.23137255012989044,
    "Alpha Component" : 1,
    "Green Component" : 0.21176470816135406
  },
  "Selected Text Color (Dark)" : {
    "Red Component" : 0.19215686619281769,
    "Color Space" : "sRGB",
    "Blue Component" : 0.23137255012989044,
    "Alpha Component" : 1,
    "Green Component" : 0.21176470816135406
  },
  "Ansi 3 Color (Dark)" : {
    "Red Component" : 0.96470588445663452,
    "Color Space" : "sRGB",
    "Blue Component" : 0,
    "Alpha Component" : 1,
    "Green Component" : 0.45490196347236633
  },
  "Keyboard Map" : {
    "0xf702-0x280000-0x7b" : {
      "Version" : 2,
      "Apply Mode" : 0,
      "Action" : 10,
      "Text" : "b",
      "Escaping" : 2
    },
    "0xf703-0x280000-0x7c" : {
      "Version" : 2,
      "Apply Mode" : 0,
      "Action" : 10,
      "Text" : "f",
      "Escaping" : 2
    }
  },
  "Visual Bell" : true,
  "Cursor Text Color" : {
    "Red Component" : 1,
    "Color Space" : "sRGB",
    "Blue Component" : 1,
    "Alpha Component" : 1,
    "Green Component" : 1
  },
  "Scrollback Lines" : 0,
  "Selection Color (Light)" : {
    "Red Component" : 0.93725490570068359,
    "Color Space" : "sRGB",
    "Blue Component" : 0.94509804248809814,
    "Alpha Component" : 1,
    "Green Component" : 0.94117647409439087
  },
  "Ansi 0 Color" : {
    "Red Component" : 0.078431375324726105,
    "Color Space" : "sRGB",
    "Blue Component" : 0.11764705926179886,
    "Alpha Component" : 1,
    "Green Component" : 0.098039217293262482
  },
  "Match Background Color (Dark)" : {
    "Red Component" : 1,
    "Color Space" : "P3",
    "Blue Component" : 0,
    "Alpha Component" : 1,
    "Green Component" : 1
  },
  "Ansi 11 Color (Light)" : {
    "Red Component" : 0.99215686321258545,
    "Color Space" : "sRGB",
    "Blue Component" : 0.29411765933036804,
    "Alpha Component" : 1,
    "Green Component" : 0.73725491762161255
  },
  "Ansi 5 Color (Dark)" : {
    "Red Component" : 0.60784316062927246,
    "Color Space" : "sRGB",
    "Blue Component" : 0.7137255072593689,
    "Alpha Component" : 1,
    "Green Component" : 0.3490196168422699
  },
  "Cursor Text Color (Light)" : {
    "Red Component" : 0.19215686619281769,
    "Color Space" : "sRGB",
    "Blue Component" : 0.23137255012989044,
    "Alpha Component" : 1,
    "Green Component" : 0.21176470816135406
  },
  "Silence Bell" : false,
  "Rows" : 25,
  "Guid" : "EC66B1F9-4C10-4B15-9BE5-ECF157522D06",
  "Ansi 14 Color (Dark)" : {
    "Red Component" : 0.086274512112140656,
    "Color Space" : "sRGB",
    "Blue Component" : 0.5215686559677124,
    "Alpha Component" : 1,
    "Green Component" : 0.62745100259780884
  },
  "Ansi 15 Color (Dark)" : {
    "Red Component" : 0.98823529481887817,
    "Color Space" : "sRGB",
    "Blue Component" : 0.98823529481887817,
    "Alpha Component" : 1,
    "Green Component" : 0.98823529481887817
  },
  "Ansi 0 Color (Dark)" : {
    "Red Component" : 0.19215686619281769,
    "Color Space" : "sRGB",
    "Blue Component" : 0.23137255012989044,
    "Alpha Component" : 1,
    "Green Component" : 0.21176470816135406
  },
  "Ambiguous Double Width" : false,
  "Option Key Sends" : 0,
  "Ansi 3 Color" : {
    "Red Component" : 0.78058648109436035,
    "Color Space" : "sRGB",
    "Blue Component" : 0,
    "Alpha Component" : 1,
    "Green Component" : 0.76959484815597534
  },
  "Window Type" : 0,
  "BM Growl" : true,
  "Prompt Before Closing 2" : false,
  "Command" : "",
  "Selected Text Color" : {
    "Red Component" : 0,
    "Color Space" : "sRGB",
    "Blue Component" : 0,
    "Alpha Component" : 1,
    "Green Component" : 0
  },
  "Ansi 14 Color (Light)" : {
    "Red Component" : 0.086274512112140656,
    "Color Space" : "sRGB",
    "Blue Component" : 0.5215686559677124,
    "Alpha Component" : 1,
    "Green Component" : 0.62745100259780884
  },
  "Cursor Guide Color (Dark)" : {
    "Red Component" : 0.70213186740875244,
    "Color Space" : "sRGB",
    "Blue Component" : 1,
    "Alpha Component" : 0.25,
    "Green Component" : 0.9268307089805603
  },
  "Send Code When Idle" : false,
  "Ansi 6 Color" : {
    "Red Component" : 0,
    "Color Space" : "sRGB",
    "Blue Component" : 0.78166204690933228,
    "Alpha Component" : 1,
    "Green Component" : 0.77425903081893921
  },
  "Jobs to Ignore" : [
    "rlogin",
    "ssh",
    "slogin",
    "telnet"
  ],
  "Badge Color (Dark)" : {
    "Red Component" : 1,
    "Color Space" : "sRGB",
    "Blue Component" : 0,
    "Alpha Component" : 0.5,
    "Green Component" : 0.1491314172744751
  },
  "Cursor Color" : {
    "Red Component" : 0,
    "Color Space" : "sRGB",
    "Blue Component" : 0,
    "Alpha Component" : 1,
    "Green Component" : 0
  },
  "Vertical Spacing" : 1,
  "Disable Window Resizing" : true,
  "Close Sessions On End" : true,
  "Selection Color (Dark)" : {
    "Red Component" : 0.93725490570068359,
    "Color Space" : "sRGB",
    "Blue Component" : 0.94509804248809814,
    "Alpha Component" : 1,
    "Green Component" : 0.94117647409439087
  },
  "Default Bookmark" : "No",
  "Foreground Color (Light)" : {
    "Red Component" : 0.93725490570068359,
    "Color Space" : "sRGB",
    "Blue Component" : 0.94509804248809814,
    "Alpha Component" : 1,
    "Green Component" : 0.94117647409439087
  },
  "Custom Command" : "No",
  "Background Color (Dark)" : {
    "Red Component" : 0.19215686619281769,
    "Color Space" : "sRGB",
    "Blue Component" : 0.23137255012989044,
    "Alpha Component" : 1,
    "Green Component" : 0.21176470816135406
  },
  "Ansi 9 Color" : {
    "Red Component" : 0.8659515380859375,